{
  "project_info": {
    "project_number": "543402560495",
    "firebase_url": "https://tripped-dd2e4-default-rtdb.firebaseio.com",
    "project_id": "tripped-dd2e4",
    "storage_bucket": "tripped-dd2e4.appspot.com"
  },
  "client": [
    {
      "client_info": {
        "mobilesdk_app_id": "1:543402560495:android:9e9af45ae7377347dc841a",
        "android_client_info": {
          "package_name": "com.mytripped"
        }
      },
      "oauth_client": [
        {
          "client_id": "543402560495-r59p9a82l0ucruma6epp6ru6rr5l7d8u.apps.googleusercontent.com",
          "client_type": 1,
          "android_info": {
            "package_name": "com.mytripped",
            "certificate_hash": "9bbb3186b2189ef16d8f272bdab59362c395cbb4"
          }
        },
        {
          "client_id": "543402560495-pv6th8pgt370h7qr6hvo8ml4cs9fads8.apps.googleusercontent.com",
          "client_type": 3
        }
      ],
      "api_key": [
        {
          "current_key": "AIzaSyCVcAMRL4-rEhSbFFhdq7GLAxvfqct5Jtk"
        }
      ],
      "services": {
        "appinvite_service": {
          "other_platform_oauth_client": [
            {
              "client_id": "543402560495-pv6th8pgt370h7qr6hvo8ml4cs9fads8.apps.googleusercontent.com",
              "client_type": 3
            },
            {
              "client_id": "543402560495-s9hdvfm4e3cftbrqocuug6blj09bgb48.apps.googleusercontent.com",
              "client_type": 2,
              "ios_info": {
                "bundle_id": "com.mytripped"
              }
            }
          ]
        }
      }
    }
  ],
  "configuration_version": "1"
}